<?xml version="1.0" encoding="UTF-8"?>
<SchematicTopology Version="2.5" Seed="1" Grid="25">
    <Block Id="1" ForeignId="1273396717" Class="MWSSCHEM" ImageIndex="1">
        <Size Height="150" Width="150"/>
        <Image IconPosition="TopRight" FileName="Image/Model.dib" Scale="AutoFit">
            <Size Height="256" Width="256"/>
        </Image>
        <Pos X="100" Y="0"/>
        <ToolTip>CST MICROWAVE STUDIO schematic block MWSSCHEM1</ToolTip>
    </Block>
</SchematicTopology>
